[
    {
        "name": "黄金用户",
        "children": [
            {
                "name": "武汉",
                "value": [114.31, 30.52]
            }, {
                "name": "丹东",
                "value": [124.37, 40.13]
            }, {
                "name": "张家口",
                "value": [114.87, 40.82]
            }, {
                "name": "深圳",
                "value": [114.07, 22.62]
            }
        ]
    },
    {
        "name": "白金用户",
        "children": [
            {
                "name": "金华",
                "value": [119.64, 29.12]
            }, {
                "name": "西安",
                "value": [108.95, 34.27]
            }
        ]
    },
    {
        "name": "钻石用户",
        "children": [
            {
                "name": "成都",
                "value": [104.06, 30.67]
            }
        ]
    }
]